
[
  {
    "title": "Come trovare lavoro in Italia",
    "slug": "trovare-lavoro",
    "category": "lavoro",
    "excerpt": "Passi, documenti e portali utili per cercare un impiego.",
    "content": "## Documenti necessari\n- Codice fiscale\n- Permesso di soggiorno\n\n## Portali utili\n- Indeed.it\n- LinkedIn\n",
    "coverImage": ""
  },
  {
    "title": "Il sistema scolastico italiano in breve",
    "slug": "sistema-scolastico",
    "category": "istruzione",
    "excerpt": "Scopri come è strutturata la scuola in Italia, dall'infanzia all'università.",
    "content": "### Livelli scolastici\n1. Scuola dell'infanzia\n2. Scuola primaria\n3. Scuola secondaria\n",
    "coverImage": ""
  }
]
